strat,strat_cells,cell_area,strat_area
1,867,9.999999999754437e-5,0.08669999999787097
2,133,9.999999999754437e-5,0.013299999999673401
