strat,strat_cells,tow_area,cell_area,strat_area,strat_sets
1,378034,3.5299999999999996e-4,3.999999999992724e-4,151.21359999972495,12
2,62573,3.5299999999999996e-4,3.999999999992724e-4,25.02919999995447,2
3,17459,3.5299999999999996e-4,3.999999999992724e-4,6.983599999987297,1
