strat,strat_cells,cell_area,strat_area
1,78,0.03238399999995228,2.525951999996278
2,111,0.03238399999995228,3.594623999994703
3,37,0.03238399999995228,1.1982079999982342
