strat,strat_cells,cell_area,strat_area
1,22750,2.499999999824922e-5,0.5687499999601698
2,54616,2.499999999824922e-5,1.3653999999043795
3,12994,2.499999999824922e-5,0.3248499999772504
