strat,strat_cells,cell_area,strat_area
1,14,0.032189999999986466,0.45065999999981055
2,26,0.032189999999986466,0.8369399999996481
3,9,0.032189999999986466,0.2897099999998782
