strat,strat_cells,tow_area,cell_area,strat_area,strat_sets
2,32060,3.5299999999999996e-4,7.690759999393958e-5,2.465657655805703,1
5,78936,3.5299999999999996e-4,7.690759999393958e-5,6.070778313121615,3
8,31311,3.5299999999999996e-4,7.690759999393958e-5,2.408053863410242,1
3,201660,3.5299999999999996e-4,7.690759999393958e-5,15.509186614777857,9
6,392325,3.5299999999999996e-4,7.690759999393958e-5,30.172774167622347,15
9,74256,3.5299999999999996e-4,7.690759999393958e-5,5.710850745149978,6
7,56147,3.5299999999999996e-4,7.690759999393958e-5,4.318131016859725,9
4,118586,3.5299999999999996e-4,7.690759999393958e-5,9.12016465288132,12
1,176247,3.5299999999999996e-4,7.690759999393958e-5,13.55473377613187,12
