strat,strat_cells,tow_area,cell_area,strat_area,strat_sets
1,1507340,3.5299999999999996e-4,2.499999999824922e-5,37.68349999736098,20
3,1522571,3.5299999999999996e-4,2.499999999824922e-5,38.064274997334316,18
6,179172,3.5299999999999996e-4,2.499999999824922e-5,4.47929999968631,2
5,807170,3.5299999999999996e-4,2.499999999824922e-5,20.179249998586823,9
2,22830,3.5299999999999996e-4,2.499999999824922e-5,0.5707499999600297,40
7,1611457,3.5299999999999996e-4,2.499999999824922e-5,40.2864249971787,17
4,3304943,3.5299999999999996e-4,2.499999999824922e-5,82.62357499421378,38
