strat,strat_cells,cell_area,strat_area
1,260050,2.4999999999954526e-5,6.5012499999881745
2,676072,2.4999999999954526e-5,16.901799999969256
3,306926,2.4999999999954526e-5,7.673149999986043
