strat,strat_cells,tow_area,cell_area,strat_area,strat_sets
1,52016,3.5299999999999996e-4,7.651690773434105e-5,3.9801034727094837,24
3,53849,3.5299999999999996e-4,7.651690773434105e-5,4.120358964586531,21
5,20303,3.5299999999999996e-4,7.651690773434105e-5,1.5535227777303262,9
2,52946,3.5299999999999996e-4,7.651690773434105e-5,4.051264196902421,24
4,53417,3.5299999999999996e-4,7.651690773434105e-5,4.087303660445295,24
6,10947,3.5299999999999996e-4,7.651690773434105e-5,0.8376305889678314,6
