strat,strat_cells,cell_area,strat_area
2,25,0.03256799999998792,0.8141999999996979
1,26,0.03256799999998792,0.8467679999996859
3,10,0.03256799999998792,0.3256799999998792
