strat,strat_cells,cell_area,strat_area
2,74,0.03256799999998792,2.4100319999991062
1,36,0.03256799999998792,1.1724479999995652
3,18,0.03256799999998792,0.5862239999997826
