strat,strat_cells,cell_area,strat_area
1,92752,2.4999999999386092e-5,2.318799999943059
2,210312,2.4999999999386092e-5,5.257799999870888
3,24863,2.4999999999386092e-5,0.6215749999847364
