strat,strat_cells,tow_area,cell_area,strat_area,strat_sets
3,374465,3.5299999999999996e-4,2.499999999824922e-5,9.361624999344395,15
1,2,3.5299999999999996e-4,2.499999999824922e-5,4.999999999649844e-5,44
4,1449977,3.5299999999999996e-4,2.499999999824922e-5,36.24942499746141,21
2,96969,3.5299999999999996e-4,2.499999999824922e-5,2.4242249998302285,27
