strat,strat_cells,cell_area,strat_area
1,242276,2.4999999999386092e-5,6.0568999998512645
2,279621,2.4999999999386092e-5,6.990524999828338
3,57514,2.4999999999386092e-5,1.4378499999646916
