strat,strat_cells,cell_area,strat_area
1,20,0.032189999999986466,0.6437999999997293
2,22,0.032189999999986466,0.7081799999997023
3,5,0.032189999999986466,0.16094999999993231
