strat,strat_cells,tow_area,cell_area,strat_area,strat_sets
1,471415,3.5299999999999996e-4,7.56496435349883e-5,35.66237670704651,20
3,743467,3.5299999999999996e-4,7.56496435349883e-5,56.24301353002715,20
2,599414,3.5299999999999996e-4,7.56496435349883e-5,45.345455429881476,19
5,261837,3.5299999999999996e-4,7.56496435349883e-5,19.807875714270732,9
4,253590,3.5299999999999996e-4,7.56496435349883e-5,19.183993104037683,8
6,53477,3.5299999999999996e-4,7.56496435349883e-5,4.045515987320569,6
