strat,strat_cells,cell_area,strat_area
1,6550,9.999999999754437e-5,0.6549999999839156
2,5504,9.999999999754437e-5,0.5503999999864843
3,43,9.999999999754437e-5,0.004299999999894408
