strat,strat_cells,tow_area,cell_area,strat_area,strat_sets
1,454505,3.5299999999999996e-4,7.681679999417525e-5,34.91361968135262,15
3,736166,3.5299999999999996e-4,7.681679999417525e-5,56.54991638451202,27
2,440747,3.5299999999999996e-4,7.681679999417525e-5,33.85677414703276,17
5,261478,3.5299999999999996e-4,7.681679999417525e-5,20.085903228876955,15
4,150872,3.5299999999999996e-4,7.681679999417525e-5,11.589504248721209,15
6,26608,3.5299999999999996e-4,7.681679999417525e-5,2.043941414245015,6
