strat,strat_cells,cell_area,strat_area
1,325362,8.999999999744887e-6,2.928257999916996
2,668009,8.999999999744887e-6,6.012080999829583
3,184846,8.999999999744887e-6,1.6636139999528434
