strat,strat_cells,cell_area,strat_area
1,61916,9.99999999998181e-5,6.191599999988737
2,49859,9.99999999998181e-5,4.985899999990931
3,2862,9.99999999998181e-5,0.2861999999994794
