strat,strat_cells,cell_area,strat_area
1,6787,9.99999999998181e-5,0.6786999999987655
2,8973,9.99999999998181e-5,0.8972999999983678
3,1328,9.99999999998181e-5,0.13279999999975844
