strat,strat_cells,tow_area,cell_area,strat_area,strat_sets
1,51085,3.5299999999999996e-4,7.763399999360265e-5,3.965932889673191,24
3,52983,3.5299999999999996e-4,7.763399999360265e-5,4.113282221661049,21
5,20742,3.5299999999999996e-4,7.763399999360265e-5,1.610284427867306,9
2,50158,3.5299999999999996e-4,7.763399999360265e-5,3.8939661716791214,24
4,53951,3.5299999999999996e-4,7.763399999360265e-5,4.188431933654856,24
6,12063,3.5299999999999996e-4,7.763399999360265e-5,0.9364989419228288,6
