strat,strat_cells,cell_area,strat_area
1,33456,2.499999999824922e-5,0.836399999941426
2,71738,2.499999999824922e-5,1.7934499998744027
3,8865,2.499999999824922e-5,0.22162499998447935
