strat,strat_cells,cell_area,strat_area
1,6876,2.4999999995975487e-5,0.17189999997232744
2,70759,2.4999999995975487e-5,1.7689749997152295
3,2683,2.4999999995975487e-5,0.06707499998920223
