strat,strat_cells,tow_area,cell_area,strat_area,strat_sets
1,568110,3.5299999999999996e-4,2.499999999824922e-5,14.202749999005365,5
2,859420,3.5299999999999996e-4,2.499999999824922e-5,21.485499998495346,8
3,2450522,3.5299999999999996e-4,2.499999999824922e-5,61.26304999570968,21
