strat,strat_cells,cell_area,strat_area
1,1244,2.4999999999386092e-5,0.031099999999236298
2,26,2.4999999999386092e-5,6.499999999840383e-4
