strat,strat_cells,cell_area,strat_area
1,41,0.032751999999993994,1.3428319999997538
2,53,0.032751999999993994,1.7358559999996817
3,29,0.032751999999993994,0.9498079999998258
