strat,strat_cells,cell_area,strat_area
1,461,0.033125787753025104,15.270988154144574
2,388,0.033125787753025104,12.85280564817374
3,115,0.033125787753025104,3.809465591597887
