strat,strat_cells,tow_area,cell_area,strat_area,strat_sets
1,208141,3.5299999999999996e-4,3.999999999992724e-4,83.25639999984855,13
2,17202,3.5299999999999996e-4,3.999999999992724e-4,6.880799999987484,1
3,2026,3.5299999999999996e-4,3.999999999992724e-4,0.8103999999985259,1
