strat,strat_cells,tow_area,cell_area,strat_area,strat_sets
1,495362,3.5299999999999996e-4,2.499999999824922e-5,12.384049999132731,20
2,7559639,3.5299999999999996e-4,2.499999999824922e-5,188.99097498676474,54
3,6121544,3.5299999999999996e-4,2.499999999824922e-5,153.03859998928255,42
