strat,strat_cells,cell_area,strat_area
1,294,0.03339209329049127,9.817275427404432
2,296,0.03339209329049127,9.884059613985416
3,139,0.03339209329049127,4.6415009673782865
