strat,strat_cells,cell_area,strat_area
1,143,0.032936723444890785,4.709951452619382
2,115,0.032936723444890785,3.7877231961624402
3,33,0.032936723444890785,1.0869118736813959
