strat,strat_cells,cell_area,strat_area
1,530,8.867043630722875e-4,0.4699533124283124
2,425,8.867043630722875e-4,0.3768493543057222
3,222,8.867043630722875e-4,0.19684836860204782
