strat,strat_cells,cell_area,strat_area
1,59986,9.99999999998181e-5,5.998599999989088
2,49859,9.99999999998181e-5,4.985899999990931
3,2862,9.99999999998181e-5,0.2861999999994794
