strat,strat_cells,cell_area,strat_area
1,17,0.20594187072045078,3.501011802247663
2,16,0.20594187072045078,3.2950699315272125
3,10,0.20594187072045078,2.059418707204508
