strat,strat_cells,cell_area,strat_area
1,45800,9.999999999754437e-5,4.579999999887532
2,13066,9.999999999754437e-5,1.3065999999679148
3,11698,9.999999999754437e-5,1.169799999971274
