strat,strat_cells,cell_area,strat_area
1,333977,8.999999999744887e-6,3.005792999914798
2,211427,8.999999999744887e-6,1.9028429999460623
3,19747,8.999999999744887e-6,0.1777229999949623
