strat,strat_cells,cell_area,strat_area
3,104592,3.999999999810825e-6,0.41836799998021384
2,1773819,3.999999999810825e-6,7.095275999664438
1,679833,3.999999999810825e-6,2.7193319998713927
