strat,strat_cells,tow_area,cell_area,strat_area,strat_sets
1,84457,3.5299999999999996e-4,7.754319999280603e-5,6.549066041792419,18
3,86015,3.5299999999999996e-4,7.754319999280603e-5,6.669878347381211,21
5,35025,3.5299999999999996e-4,7.754319999280603e-5,2.7159505797480312,9
2,70198,3.5299999999999996e-4,7.754319999280603e-5,5.443377553094998,15
4,87561,3.5299999999999996e-4,7.754319999280603e-5,6.7897601345700895,20
6,48527,3.5299999999999996e-4,7.754319999280603e-5,3.7629388660508982,12
