strat,strat_cells,cell_area,strat_area
2,38,0.032577286759380535,1.2379368968564604
3,19,0.032577286759380535,0.6189684484282302
1,26,0.032577286759380535,0.8470094557438939
