strat,strat_cells,cell_area,strat_area
2,153726,1.59999999992433e-5,2.4596159998836757
1,34502,1.59999999992433e-5,0.5520319999738924
3,90620,1.59999999992433e-5,1.4499199999314278
