strat,strat_cells,cell_area,strat_area
1,8857,9.99999999998181e-5,0.8856999999983889
2,5956,9.99999999998181e-5,0.5955999999989167
3,3230,9.99999999998181e-5,0.3229999999994125
