strat,strat_cells,tow_area,cell_area,strat_area,strat_sets
2,346942,3.5299999999999996e-4,4.1486764487962976e-4,143.9350104498285,28
1,5085,3.5299999999999996e-4,4.1486764487962976e-4,2.1096019742129175,36
3,114999,3.5299999999999996e-4,4.1486764487962976e-4,47.70936429351254,18
