strat,strat_cells,cell_area,strat_area
1,43251,4.001364783248032e-6,0.17306302824026062
2,112079,4.001364783248032e-6,0.44846896354165616
3,116983,4.001364783248032e-6,0.4680916564387045
