strat,strat_cells,tow_area,cell_area,strat_area,strat_sets
1,28337,3.5299999999999996e-4,3.999999999992724e-4,11.334799999979383,12
2,4151,3.5299999999999996e-4,3.999999999992724e-4,1.6603999999969798,2
