strat,strat_cells,tow_area,cell_area,strat_area,strat_sets
1,530,3.5299999999999996e-4,8.867043630722875e-4,0.4699533124283124,2
2,425,3.5299999999999996e-4,8.867043630722875e-4,0.3768493543057222,1
3,222,3.5299999999999996e-4,8.867043630722875e-4,0.19684836860204782,1
