strat,strat_cells,cell_area,strat_area
1,24381,2.499999999997229e-5,0.6095249999993244
2,62844,2.499999999997229e-5,1.5710999999982587
3,47698,2.499999999997229e-5,1.1924499999986782
