strat,strat_cells,tow_area,cell_area,strat_area,strat_sets
1,625374,3.5299999999999996e-4,2.499999999824922e-5,15.634349998905108,44
3,511667,3.5299999999999996e-4,2.499999999824922e-5,12.791674999104185,15
6,102998,3.5299999999999996e-4,2.499999999824922e-5,2.5749499998196734,1
5,374465,3.5299999999999996e-4,2.499999999824922e-5,9.361624999344395,3
2,2,3.5299999999999996e-4,2.499999999824922e-5,4.999999999649844e-5,2
7,1449977,3.5299999999999996e-4,2.499999999824922e-5,36.24942499746141,13
4,96969,3.5299999999999996e-4,2.499999999824922e-5,2.4242249998302285,1
