strat,strat_cells,tow_area,cell_area,strat_area,strat_sets
3,415673,3.5299999999999996e-4,2.499999999824922e-5,10.391824999272249,15
1,157011,3.5299999999999996e-4,2.499999999824922e-5,3.9252749997251084,44
6,91351,3.5299999999999996e-4,2.499999999824922e-5,2.2837749998400647,2
2,1286,3.5299999999999996e-4,2.499999999824922e-5,0.0321499999977485,27
5,242470,3.5299999999999996e-4,2.499999999824922e-5,6.061749999575489,6
7,239618,3.5299999999999996e-4,2.499999999824922e-5,5.990449999580482,6
4,57204,3.5299999999999996e-4,2.499999999824922e-5,1.4300999998998485,1
