strat,strat_cells,tow_area,cell_area,strat_area,strat_sets
2,322377,3.5299999999999996e-4,3.999999999992724e-4,128.95079999976545,13
3,37886,3.5299999999999996e-4,3.999999999992724e-4,15.154399999972435,2
1,181180,3.5299999999999996e-4,3.999999999992724e-4,72.47199999986817,8
