strat,strat_cells,tow_area,cell_area,strat_area,strat_sets
1,1110616,3.5299999999999996e-4,3.999999999992724e-4,444.2463999991919,15
2,560217,3.5299999999999996e-4,3.999999999992724e-4,224.0867999995924,7
3,15803,3.5299999999999996e-4,3.999999999992724e-4,6.321199999988502,1
