strat,strat_cells,cell_area,strat_area
1,208141,3.999999999992724e-4,83.25639999984855
2,17202,3.999999999992724e-4,6.880799999987484
3,2026,3.999999999992724e-4,0.8103999999985259
