strat,strat_cells,cell_area,strat_area
1,15986,9.99999999998181e-5,1.5985999999970921
2,16745,9.99999999998181e-5,1.674499999996954
3,3327,9.99999999998181e-5,0.3326999999993948
