strat,strat_cells,tow_area,cell_area,strat_area,strat_sets
2,32656,3.5299999999999996e-4,7.7815315863956e-5,2.5411369548533473,1
5,78139,3.5299999999999996e-4,7.7815315863956e-5,6.080410966293658,3
8,31708,3.5299999999999996e-4,7.7815315863956e-5,2.467368035414317,1
3,212618,3.5299999999999996e-4,7.7815315863956e-5,16.544936828362598,18
6,391733,3.5299999999999996e-4,7.7815315863956e-5,30.482827129335078,24
9,75676,3.5299999999999996e-4,7.7815315863956e-5,5.888751843320734,6
7,54285,3.5299999999999996e-4,7.7815315863956e-5,4.224204421674852,6
4,117736,3.5299999999999996e-4,7.7815315863956e-5,9.161664028558723,9
1,174020,3.5299999999999996e-4,7.7815315863956e-5,13.541421266645624,15
