strat,strat_cells,cell_area,strat_area
3,5,0.03219999999994643,0.16099999999973216
1,36,0.03219999999994643,1.1591999999980716
2,55,0.03219999999994643,1.7709999999970538
