strat,strat_cells,cell_area,strat_area
1,3697,9.999999999754437e-5,0.3696999999909215
2,6807,9.999999999754437e-5,0.6806999999832846
3,507,9.999999999754437e-5,0.050699999998755
