strat,strat_cells,tow_area,cell_area,strat_area,strat_sets
1,56955,3.5299999999999996e-4,2.499999999824922e-5,1.4238749999002844,18
4,229948,3.5299999999999996e-4,2.499999999824922e-5,5.748699999597412,24
3,7468532,3.5299999999999996e-4,2.499999999824922e-5,186.71329998692426,85
7,17,3.5299999999999996e-4,2.499999999824922e-5,4.249999999702368e-4,15
6,884618,3.5299999999999996e-4,2.499999999824922e-5,22.11544999845123,15
9,559,3.5299999999999996e-4,2.499999999824922e-5,0.013974999999021315,1
5,219721,3.5299999999999996e-4,2.499999999824922e-5,5.493024999615317,24
8,23,3.5299999999999996e-4,2.499999999824922e-5,5.749999999597321e-4,1
2,38,3.5299999999999996e-4,2.499999999824922e-5,9.499999999334704e-4,27
