strat,strat_cells,tow_area,cell_area,strat_area,strat_sets
1,87060,3.5299999999999996e-4,7.687605463090317e-5,6.69282931616643,18
3,85952,3.5299999999999996e-4,7.687605463090317e-5,6.607650647635389,21
5,36409,3.5299999999999996e-4,7.687605463090317e-5,2.7989802730565536,9
2,73109,3.5299999999999996e-4,7.687605463090317e-5,5.6203314780107,15
4,90612,3.5299999999999996e-4,7.687605463090317e-5,6.965893062215398,20
6,49045,3.5299999999999996e-4,7.687605463090317e-5,3.770386099372646,12
