strat,strat_cells,tow_area,cell_area,strat_area,strat_sets
1,491397,3.5299999999999996e-4,4.1486764487962976e-4,203.86471609091544,36
2,178499,3.5299999999999996e-4,4.1486764487962976e-4,74.05345974336903,28
3,46814,3.5299999999999996e-4,4.1486764487962976e-4,19.421613927394986,18
