strat,strat_cells,cell_area,strat_area
1,756637,2.4999999999386092e-5,18.915924999535495
2,486492,2.4999999999386092e-5,12.16229999970134
3,137800,2.4999999999386092e-5,3.4449999999154035
