strat,strat_cells,tow_area,cell_area,strat_area,strat_sets
2,89,3.5299999999999996e-4,0.007956259999978918,0.7081071399981237,3
3,25,3.5299999999999996e-4,0.007956259999978918,0.19890649999947294,1
1,9,3.5299999999999996e-4,0.007956259999978918,0.07160633999981025,1
