strat,strat_cells,tow_area,cell_area,strat_area,strat_sets
1,625374,3.5299999999999996e-4,2.499999999824922e-5,15.634349998905108,44
2,608734,3.5299999999999996e-4,2.499999999824922e-5,15.218349998934242,27
3,1934841,3.5299999999999996e-4,2.499999999824922e-5,48.37102499661252,17
