strat,strat_cells,cell_area,strat_area
1,7241,9.783787981957813e-5,0.7084440877735653
2,9772,9.783787981957813e-5,0.9560717615969175
3,7489,9.783787981957813e-5,0.7327078819688206
