strat,strat_cells,cell_area,strat_area
3,7686,9.999999983610905e-7,0.007685999987403342
5,20752,9.999999983610905e-7,0.02075199996598935
8,266552,9.999999983610905e-7,0.2665519995631454
6,192574,9.999999983610905e-7,0.19257399968438865
7,8518,9.999999983610905e-7,0.008517999986039769
4,4516,9.999999983610905e-7,0.004515999992598684
2,51122,9.999999983610905e-7,0.05112199991621567
1,1501,9.999999983610905e-7,0.0015009999975399968
