strat,strat_cells,tow_area,cell_area,strat_area,strat_sets
1,425829,3.5299999999999996e-4,2.499999999824922e-5,10.645724999254467,12
2,528255,3.5299999999999996e-4,2.499999999824922e-5,13.206374999075143,15
3,226602,3.5299999999999996e-4,2.499999999824922e-5,5.66504999960327,7
