strat,strat_cells,tow_area,cell_area,strat_area,strat_sets
1,469040,3.5299999999999996e-4,2.499999999824922e-5,11.725999999178814,20
2,16243,3.5299999999999996e-4,2.499999999824922e-5,0.4060749999715621,40
5,4381860,3.5299999999999996e-4,2.499999999824922e-5,109.54649999232834,87
4,8,3.5299999999999996e-4,2.499999999824922e-5,1.9999999998599377e-4,1
3,117145,3.5299999999999996e-4,2.499999999824922e-5,2.928624999794905,18
