strat,strat_cells,cell_area,strat_area
1,491397,4.1486764487962976e-4,203.86471609091544
2,178499,4.1486764487962976e-4,74.05345974336903
3,46814,4.1486764487962976e-4,19.421613927394986
