strat,strat_cells,tow_area,cell_area,strat_area,strat_sets
1,56948,3.5299999999999996e-4,2.499999999824922e-5,1.4236999999002966,18
3,230003,3.5299999999999996e-4,2.499999999824922e-5,5.750074999597316,20
2,7468577,3.5299999999999996e-4,2.499999999824922e-5,186.71442498692417,85
6,17,3.5299999999999996e-4,2.499999999824922e-5,4.249999999702368e-4,15
5,886605,3.5299999999999996e-4,2.499999999824922e-5,22.16512499844775,24
8,559,3.5299999999999996e-4,2.499999999824922e-5,0.013974999999021315,1
4,217667,3.5299999999999996e-4,2.499999999824922e-5,5.441674999618913,24
7,23,3.5299999999999996e-4,2.499999999824922e-5,5.749999999597321e-4,15
