strat,strat_cells,cell_area,strat_area
1,104,0.03298151176765321,3.4300772238359336
2,109,0.03298151176765321,3.5949847826742
3,49,0.03298151176765321,1.6160940766150074
